Registeration No,Chassis Number,Engine Number,Model,Registration Date,Token Paid,Owner Name,Color,Compney,Fuel Type,Engine Capacity,Vehicle price,Latest payment details
HR2DK8337,2H2XA59BWDY987665,52WVC10338,2020,16.05.2020,YES,ALI,RED,HONDA,PETROL,1200CC,"4,000,000",paid
COD7066,3H3BA63BDHG786358,90LKJ07543,2019,25.08.2019,YES,ABASS,WHITE,SUZEKI,PETROL,800CC,"3,000,000",paid
GD70E00,9D3BJ267HDJK965476,87LNG06532,2017,20.04.2018,NO,ARSLAN,WHITE,TOYTA,DEZEL,1300CC,"3,300,000",paid
KL65H4383,5H5JD34ISKH864376,67BVC74639,2012,25.06.2012,YES,QAISER,BLACK,HONDA,PETROL,1200CC,"3,000,000",paid
BJ69HED,2D4KH43SKKH874653,23MND873465,2015,06.06.2016,YES,BURHAN,GRAY,SUZEKI,PETROL,660CC,"2,500,000",installments
1,7K3EI83ANF73849487,92JHF76453,2018,08.03.2019,YES,HASNAT,SILVER,SUZEKI,PETROL,800CC,"2,700,000",paid
GRI3GGS,9K2NH73KJDB128763,93MVE76493,2016,14.07.2018,NO,FATIMA,GOLDEN,HONDA,PETROL,1000CC,"2,800,000",paid
AVE068,1K9KG93KJDN974630,67NGF78643,2014,25.04.2014,NO,JANNAT,WHITE,TOYTA,PETROL,1300CC,"3,500,000",paid
ZHKN713,8K3NM38HDNS749276,86LFB78623,2013,16.05.2013,YES,NOOR,WHITE,TOYTA,PETROL,1500CC,"4,000,000",installments
21BH0001AA,1L9KH36LKJHG786543,97KGD56734,2010,20.02.2011,YES,AAMIR,BLACK,TOYTA,DEZEL,2000CC,"5,000,000",installments
MH12DE1433,9K3JD28IKLJ876543,38SIN973645,2005,31.07.2009,YES,FARHAN,BLACK,TOYTA,DEZEL,1500CC,"4,000,000",paid
BAD231,8K6JH76BNCV54673,98LOV53728,2022,24.04.2022,NO,RIZWAN,GRAY,HONDA,PETROL,1300CC,"3,500,000",paid
LR33TEE,9B4BK43KJHD987635,14VUE31432,2021,12.08.2020,YES,IMRAN,WHITE,HONDA,PETROL,1300CC,"3,000,000",paid
SN66XMZ,3N3KJ43LVCN847362,94SJF02736,2019,20.02.2020,YES,SAJID,WHITE,HONDA,PETROL,1200CC,"2,500,000",paid
IT20BOM,9N3JG73LKEC635281,83KVF78653,2015,24.04.2017,YES,BILAL,RED,TOYTA,DEZEL,1300CC,"2,300,000",paid
BC9990,5V4LM76OPQR564837,57KMD78329,2020,27.07.2020,YES,ALI,GOLDEN,SUZEKI,PETROL,660CC,"2,000,000",paid
